{
    "rmse": 0.8492015488655429,
    "mae": 0.6653202859042986,
    "r2": 0.08462101698695523
}